chapter,word,translation
task2-education,acquire knowledge,获取知识
task2-education,gain experience,获得经验
task2-education,enhance skills,提升技能
task2-education,foster development,促进发展
task2-education,cultivate habits,培养习惯
task2-education,stimulate interest,激发兴趣
task2-education,encourage participation,鼓励参与
task2-education,facilitate learning,促进学习
task2-education,broaden horizons,开阔视野
task2-education,shape character,塑造性格
task2-education,equip students with,使学生具备
task2-education,develop potential,开发潜力
task2-education,improve efficiency,提高效率
task2-education,build confidence,建立自信
task2-education,strengthen ability,增强能力
task2-education,academic performance,学业表现
task2-education,educational resources,教育资源
task2-education,teaching approach,教学方法
task2-education,learning environment,学习环境
task2-education,practical skills,实用技能
task2-education,theoretical knowledge,理论知识
task2-education,career prospects,职业前景
task2-education,equal opportunities,平等机会
task2-education,personal development,个人发展
task2-education,lifelong learning,终身学习
task2-education,academic pressure,学业压力
task2-education,heavy workload,繁重作业
task2-education,intense competition,激烈竞争
task2-education,quality education,优质教育
task2-education,education system,教育体系
task2-education,curriculum design,课程设计
task2-education,compulsory education,义务教育
task2-education,higher education,高等教育
task2-education,vocational training,职业培训
task2-education,distance learning,远程学习
task2-education,essential,关键的
task2-education,crucial,至关重要的
task2-education,beneficial,有益的
task2-education,effective,有效的
task2-education,significant,重要的
task2-education,fundamental,基础的
task2-education,comprehensive,全面的
task2-education,competitive,竞争激烈的
task2-education,demanding,要求高的
task2-education,accessible,可获得的
task2-education,valuable,有价值的
task2-education,practical,实用的
task2-education,theoretical,理论的
task2-education,flexible,灵活的
task2-education,efficient,高效的
task2-education,play a vital role in,起重要作用
task2-education,make a significant contribution to,做出重要贡献
task2-education,lay a solid foundation for,打下基础
task2-education,keep pace with,跟上
task2-education,meet the demands of,满足需求
task2-education,bridge the gap between,弥合差距
task2-education,attach importance to,重视
task2-education,be exposed to,接触
task2-education,take responsibility for,对…负责
task2-education,adapt to changes,适应变化
task2-education,focus on,专注于
task2-education,depend on,依赖
task2-education,benefit from,从…受益
task2-education,contribute to,促进
task2-education,result in,导致
task2-education,lead to,导致
task2-education,students,学生
task2-education,teachers,教师
task2-education,educators,教育者
task2-education,instructors,讲师
task2-education,learners,学习者
task2-education,graduates,毕业生
task2-education,critical thinking,批判性思维
task2-education,problem-solving skills,解决问题能力
task2-education,communication skills,沟通能力
task2-education,teamwork spirit,团队合作精神
task2-education,self-discipline,自律
task2-education,independent learning,自主学习
task2-education,creativity,创造力
task2-education,innovation,创新
task2-education,online learning,在线学习
task2-education,face-to-face interaction,面对面交流
task2-education,virtual classroom,虚拟课堂
task2-education,modern technology,现代科技
task2-education,digital tools,数字工具
task2-education,learning materials,学习材料
task2-education,teaching quality,教学质量
task2-education,education gap,教育差距
task2-education,social development,社会发展
task2-education,economic growth,经济发展